{
    "communication": 54,
    "agile": 45,
    "javascript": 27,
    "react": 25,
    "git": 21,
    "typescript": 16,
    "css": 15,
    "microservices": 13,
    "node.js": 12,
    "collaboration": 11,
    "angular": 10,
    "leadership": 9,
    "innovation": 8,
    "flexibility": 7,
    "mongodb": 7,
    "html": 7,
    "marketing": 7,
    "containerization": 6,
    "scrum": 5,
    "postgresql": 5,
    "github": 5,
    "mysql": 4,
    "mentoring": 4,
    "accessibility": 4,
    "vue.js": 3,
    "graphql": 3,
    "jest": 3,
    "jquery": 2,
    "teamwork": 2,
    "authentication": 2,
    "blockchain": 2,
    "eslint": 1,
    "kanban": 1,
    "webpack": 1,
    "authorization": 1,
    "gitlab": 1,
    "curiosity": 1,
    "sketch": 1,
    "integrity": 1,
    "firebase": 1,
    "empathy": 1,
    "figma": 1
}